epoch,accuracy,loss,val_accuracy,val_loss
0,0.256717324256897,0.5969195365905762,0.26371145248413086,0.5842732787132263
1,0.2598087787628174,0.5980486869812012,0.26371145248413086,0.5842732787132263
